Datum,Betreffende pagina's
2025-09-23,556
2025-09-24,625
2025-09-25,625
2025-09-26,625
2025-09-27,625
2025-09-28,635
2025-09-29,635
2025-09-30,635
2025-10-01,635
2025-10-02,635
2025-10-03,635
2025-10-04,635
2025-10-05,636
2025-10-06,636
2025-10-07,636
2025-10-08,637
2025-10-09,637
2025-10-10,637
2025-10-11,637
2025-10-12,641
2025-10-13,641
2025-10-14,641
2025-10-15,664
2025-10-16,664
2025-10-17,664
2025-10-18,664
2025-10-19,664
2025-10-20,664
2025-10-21,664
2025-10-22,671
2025-10-23,671
2025-10-24,671
2025-10-25,671
2025-10-26,675
2025-10-27,675
2025-10-28,675
2025-10-29,675
2025-10-30,675
2025-10-31,675
2025-11-01,675
2025-11-02,676
2025-11-03,676
2025-11-04,676
2025-11-05,676
2025-11-06,676
2025-11-07,676
2025-11-08,676
2025-11-09,677
2025-11-10,677
2025-11-11,677
2025-11-12,679
2025-11-13,679
2025-11-14,679
2025-11-15,679
2025-11-16,681
2025-11-17,681
2025-11-18,681
2025-11-19,691
2025-11-20,691
2025-11-21,691
2025-11-22,691
2025-11-23,946
2025-11-24,946
2025-11-25,946
2025-11-26,946
2025-11-27,946
2025-11-28,946
2025-11-29,946
2025-11-30,946
2025-12-01,946
2025-12-02,946
2025-12-03,946
2025-12-04,946
2025-12-05,946
2025-12-06,946
2025-12-07,946
2025-12-08,946
2025-12-09,946
2025-12-10,946
2025-12-11,946
2025-12-12,946
2025-12-13,946
2025-12-14,946
2025-12-15,946